title,url,cat,notes
"whiteboard","https://mycampus.imp.fu-berlin.de/x/UxPj6c","content",""
"blackboard","https://fu-berlin.blackboard.com/webapps/portal/execute/tabs/tabAction?tab_tab_group_id=_1_1","content",""
"admin","https://userblogs.fu-berlin.de/laxonchammes/adlinkes/","content",""
"PRIMO","https://fu-berlin.primo.exlibrisgroup.com/discovery/search?vid=49KOBV_FUB:FUB","content",""
"KVV FUB","https://www.fu-berlin.de/vv/de/fb","content",""
"KVV potsdam","https://puls.uni-potsdam.de/qisserver/rds?state=wtree&search=1&category=veranstaltung.browse&topitem=lectures&subitem=lectureindex&breadcrumb=lectureindex","content",""
"KVV HUB","https://agnes.hu-berlin.de/lupo/rds?state=wtree&search=1&category=veranstaltung.browse&navigationPosition=functions%2Clectureindex&breadcrumb=lectureindex&topitem=functions&subitem=lectureindex","content",""
"userpage DAV","https://webdav.zedat.fu-berlin.de/","content",""
"TWL","https://wholelifeacademy.hkw.de/index.php/apps/circles/","content",""
"FU wiki","https://wikis.fu-berlin.de/spacedirectory/view.action","content",""
"FU videopool","https://fu-berlin.eu.vbrickrev.com/#/media/all","content",""
"mensa pinnwand FUB","https://userblogs.fu-berlin.de/mensapinnwand","content",""
"github","https://github.com/esteeschwarz/DH_essais","content",""
"MongoDB","https://cloud.mongodb.com/","content",""
"wetter corbusierhaus","https://www.ecowitt.net/home/share?authorize=TWXHM3","content",""
"BAS webservices","https://clarin.phonetik.uni-muenchen.de/BASWebServices/interface","linguistics",""
"diff match patch","https://neil.fraser.name/software/diff_match_patch/demos/diff.html","linguistics",""
"cdnjs","https://cdnjs.com/libraries/diff_match_patch","linguistics",""
"gephi","https://gephi.org/","linguistics",""
"cytoscape","https://cytoscape.org/download.html","linguistics",""
"text processing API","http://text-processing.com/","linguistics",""
"DTA cab","https://www.deutschestextarchiv.de/public/cab/file","linguistics",""
"voyant tools","https://voyant-tools.org/","linguistics",""
"alternatives","https://alternativeto.net/software/maxqda/","linguistics",""
"taguette","https://www.taguette.org/getting-started.html","linguistics",""
"forTEXT","https://fortext.net/routinen/methoden/stilometrie","linguistics",""
"reaktanz","https://reaktanz.de/?c=hacking&s=koRpus","linguistics",""
"GoldVarb","https://albuquerque.bioinformatics.uottawa.ca/lab/software.html","linguistics",""
"easy linavis","https://exit.rotefadenbuecher.de/uni/public/ezlinavis/","linguistics",""
"shiny dracor","https://shiny.dracor.org/","linguistics",""
"AntConc","http://www.laurenceanthony.net/software/antconc/","linguistics",""
"ELAN","https://archive.mpi.nl/tla/elan","linguistics",""
"EXMARALDA","https://exmaralda.org/","linguistics",""
"language archive","https://archive.mpi.nl/tla/accepted-metadata","linguistics",""
"CMDI maker","https://cmdi-maker.uni-koeln.de/","linguistics",""
"jsSyntaxTree","http://www.ironcreek.net/syntaxtree/","linguistics",""
"treetagger","https://cis.uni-muenchen.de/~schmid/tools/TreeTagger/","linguistics",""
"RFTagger","https://www.cis.lmu.de/~schmid/tools/RFTagger/","linguistics",""
"stanfordNLP","https://nlp.stanford.edu/software/tagger.shtml","linguistics",""
"WebLicht","https://weblicht.sfs.uni-tuebingen.de/weblicht/","linguistics",""
"DURM","https://www.semanticsoftware.info/durm-german-lemmatizer","linguistics",""
"laurence anthony TagAnt","https://www.laurenceanthony.net/software/tagant/","linguistics",""
"stanford parser","http://nlp.stanford.edu:8080/parser/","linguistics",""
"this repo","https://github.com/stanfordnlp/CoreNLP","linguistics",""
"TEI conversion","https://oxgarage2.tei-c.org/#","linguistics",""
"IPA","https://ipa.typeit.org/full/","linguistics",""
"2nd","https://westonruter.github.io/ipa-chart/keyboard/","linguistics",""
"R string processing","https://stringi.gagolewski.com/","linguistics",""
"SIL glossary of linguistic terms","https://glossary.sil.org/term","linguistics",""
"ELL","https://dbis.ur.de/detail.php?bib_id=fub&colors=&ocolors=&lett=fs&tid=0&titel_id=6277","linguistics",""
"Sprachtheorie","https://www.christianlehmann.eu/ling/ling_theo/index.html","linguistics",""
"online dictionaries linguistics","http://mmmann.de/Sprache/online-wbb-ling.html","linguistics",""
"GRAMMIS","https://grammis.ids-mannheim.de/progr@mm/4055","linguistics",""
"living handbook of narratology","http://www.lhn.uni-hamburg.de/contents.html","linguistics",""
"WALS world atlas of language structures","https://wals.info/feature/67A#2/25.5/148.2","linguistics",""
"glottolog","https://glottolog.org/","linguistics",""
"REDE","https://www.regionalsprache.de/","linguistics",""
"AADG","https://prowiki.ids-mannheim.de//bin/view/AADG/WebHome","linguistics",""
"linguistic atlas project","https://linguisticatlasproject.org/","linguistics",""
"GAIS","http://prowiki.ids-mannheim.de/bin/view/GAIS/TranskriptionIndex","linguistics",""
"GATE","https://gate.ac.uk/sale/tao/index.html","linguistics",""
"Carto Dialect","http://lig-tdcge.imag.fr/cartodialect5/#/","linguistics",""
"William Labov","https://www.ling.upenn.edu/~wlabov/","linguistics",""
"Wortprofil | DWDS","https://www.dwds.de/wp","linguistics",""
"Current Version | WordNet","https://wordnet.princeton.edu/download/current-version","linguistics",""
"ELG - TurkuNLP: multi-label register classification","https://live.european-language-grid.eu/catalogue/tool-service/20212","linguistics",""
"ILMES: Faktorieller Survey","https://wlm.userweb.mwn.de/Ilmes/ilm_f21.htm","linguistics",""
"stackoverflow","https://stackoverflow.com/questions","tech",""
"markdown comp","https://spec.commonmark.org/0.30/","tech",""
"bookdown","https://bookdown.org/yihui/rmarkdown/","tech",""
"mdbook","https://rust-lang.github.io/mdBook/guide/installation.html","tech",""
"pandoc manual","https://pandoc.org/MANUAL.html","tech",""
"wikimedia API","https://de.wikisource.org/w/api.php","tech",""
"wikimedia extensions","https://www.mediawiki.org/wiki/Manual:Extensions","tech",""
"CSS comp","https://developer.mozilla.org/de/docs/Web/CSS/float","tech",""
"regex quick","https://ahkde.github.io/docs/misc/RegEx-QuickRef.htm#Common","tech",""
"regex compend","https://pubs.opengroup.org/onlinepubs/9699919799/basedefs/V1_chap09.html","tech",""
"ICU","https://unicode-org.github.io/icu/userguide/strings/regexp.html","tech",""
"regexr","https://regexr.com/","tech",""
"perldoc","https://perldoc.perl.org/perlre#Regular-Expressions","tech",""
"regex101","https://regex101.com/","tech",""
"html manual w3 schools","https://www.w3schools.com/html/","tech",""
"phyton manual greenteapress","https://greenteapress.com/thinkpython2/html/index.html","tech",""
"rust manual","https://doc.rust-lang.org/book/title-page.html","tech",""
"crates","https://crates.io/","tech",""
"pypi","https://pypi.org/","tech",""
"CTAN: latex package index","https://ctan.org/pkg/","tech",""
"REPL.IT","https://replit.com/@JuliaNakotte/rainbow-poem#main.py","tech",""
"codepen","https://codepen.io/","tech",""
"jsfiddle","https://jsfiddle.net/p3osqrdn/","tech",""
"HTTP statuscodes","https://de.wikipedia.org/wiki/HTTP-Statuscode#","tech",""
"redirect.li","https://redirect.li/","tech",""
"ip2locationlite","https://www.ip2location.io/#ip2locationlite","tech",""
"OXYGEN","https://www.oxygenxml.com/forum/","tech",""
"code script compression","https://freecodingtools.org/online-minifier/python","tech",""
"code translation","https://www.codeconvert.ai/app","tech",""
"MX lookup tool","https://mxtoolbox.com/MXLookup.aspx","tech",""
"MN forum","https://forum.marginnote.com/t/mn-third-party-addon-better-experience-for-exporting-citing-forked-from-copysearch-made-by-ourongxing/6040","tech",""
"Ollama","https://ollama.com/","tech","running AI models locally"
"Hugging Face – The AI community building the future.","https://huggingface.co/","tech","AI models"
"Collostructions – Susanne Flach | Linguist & data analyst","https://sfla.ch/collostructions/","tech","ch page, github: skeptikantin"
"The HTML presentation framework | reveal.js","https://revealjs.com/","tech",""
"http - LuaRocks","https://luarocks.org/modules/daurnimator/http","tech",""
"Free Lua Code Generator — AI-Powered | CodeConvert AI","https://www.codeconvert.ai/lua-code-generator?id=b030fd5a-f3aa-4546-a7cb-7e708adb51a9","tech","Free AI Code Generator for writing Lua code. Describe what you need, get working Lua code instantly — no signup required."
"Latest Omeka S topics - Omeka Forum","https://forum.omeka.org/c/omeka-s/8","tech",""
"Lesson Directory | Programming Historian","https://programminghistorian.org/en/lessons/","tech","Donate to Programming Historian today! Programming Historian ABOUT CONTRIBUTE LESSONS EVENTS SUPPORT US BLOG EN ES FR PT night mode toggle Lesson Index Our lessons are organized by typical phases of the research proc"
"R Studio","https://www.rstudio.com/","math",""
"Rstudio cloud","https://posit.cloud/","math",""
"openrefine","https://openrefine.org/docs","math",""
"online_r_compiler","https://www.online-ide.com/online_r_compiler","math",""
"execute r online","https://www.tutorialspoint.com/execute_r_online.php","math",""
"rextester","https://rextester.com/IXOWO88708","math",""
"sage dictionary of statistics","https://methods.sagepub.com/reference/the-sage-dictionary-of-statistics","math",""
"DUDEN","https://www.munzinger.de/search/query?query.id=query-duden","language",""
"duden API","https://api.duden.io/?shell#introduction","language",""
"der grimm","http://woerterbuchnetz.de/cgi-bin/WBNetz/wbgui_py?sigle=DWB&mode=Vernetzung&hitlist=&patternlist=&lemid=GA00001#XGA00001","language",""
"pealim","https://www.pealim.com/search/?q=%D7%A9%D7%A2%D7%A9%D7%A2","language",""
"morfix.il","https://www.morfix.co.il/%D7%9E%D7%99%D7%97%D7%93%D7%95%D7%AA","language",""
"langenscheidt schwedisch","https://de.langenscheidt.com/deutsch-schwedisch/ahnung","language",""
"russisch","http://www.russian-online.net/de_start/grammatik/index.php","language",""
"plattdeutsches wörterbuch","http://neon.niederlandistik.fu-berlin.de/de/plattdeutsch/wb?such=wichel","language",""
"friesisch.net","https://www.friesisch.net/","language",""
"pons latein","https://de.pons.com/%C3%BCbersetzung/latein-deutsch/manus","language",""
"konjugation latein","http://www.lateinseiten.de/konjugator/kon80/index.htm","language",""
"larousse francais","https://www.larousse.fr/dictionnaires/allemand-francais","language",""
"reverso.net","https://konjugator.reverso.net/konjugation-russisch-verb-%D1%83%D1%87%D0%B8%D1%82%D1%8C%D1%81%D1%8F.html","language",""
"Start @ Peshat","https://www.peshat.org/","language",""
"Oxford English Dictionary","https://www.oed.com/?tl=true","language",""
"Deutsches Fremdwörterbuch : "Nerv"","https://www.owid.de/artikel/318951?ref=b#p2_N102F2","language",""
"sefaria dictionary: Jastrow, אָמַם 1","https://www.sefaria.org/Jastrow?tab=contents","language",""
"Text to speech in Hebrew - a Hugging Face Space by thewh1teagle","https://huggingface.co/spaces/thewh1teagle/phonikud-tts","language",""
"DBIS - KAHAL","https://dbis.ur.de/SBBPK/resources/102066","language","Suchen Fachgebiete Sammlungen EN Zugang über Staatsbibliothek zu Berlin - Preußischer Kulturbesitz Homepage StabiKat Fachinformation KAHAL Zur Datenbank KAHAL basiert auf HALAT (Hebräisches und Aramäisches Lexikon zum"
"D-Place","https://d-place.org/","scient",""
"wikipedia","https://www.wikipedia.de/","scient",""
"pantheon","https://pantheon.world/","scient",""
"semantic mediawiki","https://www.semantic-mediawiki.org/wiki/Semantic_MediaWiki","scient",""
"OES","https://github.com/open-encyclopedia-system/","scient",""
"platform","https://www.open-encyclopedia-system.org/about-OES/using_oes/index.html","scient",""
"MINA REES DH portal","https://libguides.gc.cuny.edu/digital_tools_consult","scient",""
"SSH open marketplace","https://marketplace.sshopencloud.eu/","scient",""
"riseup etherpad","https://pad.riseup.net/","alii",""
"cryptpad.fr","https://cryptpad.fr/","alii",""
"yopad.eu","https://yopad.eu/","alii",""
"transkribus","https://readcoop.eu/transkribus","alii",""
"escriptorium","https://gitlab.com/scripta/escriptorium","alii",""
"kraken","https://kraken.re/main/index.html","alii",""
"SoSci survey","https://www.soscisurvey.de/admin/index.php","alii",""
"votingo FUB","https://votingo.cedis.fu-berlin.de/","alii",""
"PINGO","https://pingo.coactum.de/","alii",""
"heroku","https://www.heroku.com/","alii",""
"ANNIS","https://corpus-tools.org/annis/","corpusLX",""
"CWB","https://cwb.sourceforge.io/","corpusLX",""
"sketch engine","https://auth.sketchengine.eu/#login","corpusLX",""
"no.sketch.engine","https://nlp.fi.muni.cz/trac/noske","corpusLX",""
"UCSB santa barbara corpus","https://www.linguistics.ucsb.edu/research/santa-barbara-corpus","corpusLX",""
"NY Times Archive","https://fu-berlin.primo.exlibrisgroup.com/permalink/49KOBV_FUB/1v1tp5h/alma9961302613102883","corpusLX",""
"DTA","https://www.deutschestextarchiv.de/","corpusLX",""
"BNC web","http://bncweb.lancs.ac.uk/cgi-binbncXML/BNCquery.pl?theQuery=search&urlTest=yes","corpusLX",""
"BAS clarin LMU","https://clarin.phonetik.uni-muenchen.de/BASRepository/","corpusLX",""
"MoCoDa","http://mocoda.spracheinteraktion.de/?site=suche","corpusLX",""
"actuel","https://db.mocoda2.de/c/home","corpusLX",""
"tweepy","https://docs.tweepy.org/en/stable/getting_started.html","corpusLX",""
"ggle NGram viewer","https://books.google.com/ngrams/graph?content=yani&year_start=1950&year_end=2019&corpus=31&smoothing=3&direct_url=t1%3B%2Cyani%3B%2Cc0","corpusLX",""
"Corpus of Contemporary American English (COCA)","https://www.english-corpora.org/coca/","corpusLX",""
"KIDKO","https://corpora.uni-hamburg.de/annis/kidko","corpusLX",""
"MERLIN","https://www.merlin-platform.eu/#","corpusLX",""
"CHLG","https://www.chlg.ugent.be/corpus/","corpusLX",""
"man","https://corpussearch.sourceforge.net/CS-manual/SearchFunctions.html","corpusLX",""
"RAE","http://corpus.rae.es/creanet.html","corpusLX",""
"DGD","https://dgd.ids-mannheim.de/","corpusLX",""
"corpora international","https://app.sketchengine.eu/#corpus?tab=basic&cat=all&sketches=0&lang=&lang2=&query=&showOld=0","corpusLX",""
"Department of Justice | Search Full Epstein Library | United States Department of Justice","https://www.justice.gov/epstein/search","corpusLX",""
"bnosac/audio.whisper: Transcribe audio files using the "Whisper" Automatic Speech Recognition model from R","https://github.com/bnosac/audio.whisper","corpusLX","R implementation"
"The Berlin Studies (Carol W. Pfaff)","https://zenodo.org/records/17868211","corpusLX","zenodo repository EKMAUS, SES"
"DIP - Das Rechercheportal","https://dip.bundestag.de/%C3%BCber-dip#content","corpusLX","german parliament protocols"
"Search OCR/HTR model repository","https://zenodo.org/communities/ocr_models/records?q=&l=list&p=1&s=10&sort=newest","corpusLX","Skip to main Communities My dashboard Log in Sign up OCR/HTR model repository New upload Records Members Curation policy Versions View all versions Help Search guide About About Policies Infrastructure Principl"
"Wortschatz Leipzig","https://wortschatz.uni-leipzig.de/de","corpusLX","Wortschatz-Portal der Universität Leipzig, der Sächsischen Akademie der Wissenschaften zu Leipzig und des Instituts für Angewandte Informatik (InfAI)"
"netzschleuder","https://networks.skewed.de/","arkkiv",""
"konect.cc","http://konect.cc/","arkkiv",""
"GaGa","https://www.gaga.net/pgdp/default.php","arkkiv",""
"COST-ELTeC","https://distantreading.github.io/ELTeC/","arkkiv",""
"1","https://lipogg.github.io/textanalyse-mit-r/exkurs-xml-tei-und-xpath.html#wo-findet-man-korpora-die-in-xml-tei-ausgezeichnet-sind","arkkiv",""
"2","https://github.com/COST-ELTeC/ELTeC","arkkiv",""
"lyrikline.org","https://www.lyrikline.org/de/gedichte/svalbard-paem-15118","arkkiv",""
"einakter datenbank","https://einakter.dracor.org/plays","arkkiv",""
"DraCOR","https://dracor.org/","arkkiv",""
"de velt fun yidish","https://yiddish.haifa.ac.il/Stories.html","arkkiv",""
"yiddishbookcenter","https://www.yiddishbookcenter.org/collections","arkkiv",""
"ocr","https://ocr.yiddishbookcenter.org/accounts/login/","arkkiv",""
"wikisource","https://de.wikisource.org/wiki/Index:Koller_-_Der_Zauberstein.pdf","arkkiv",""
"opendata repo halle","https://opendata.uni-halle.de/","arkkiv",""
"tanakh","http://www.tanach.us/","arkkiv",""
"DWDS","https://dwds.de/","arkkiv",""
"invenio framework","https://invenio.readthedocs.io/en/latest/getting-started/quickstart/installation.html#create-an-invenio-instance","arkkiv",""
"TAINACAN","https://wordpress.org/plugins/tainacan/","arkkiv",""
"mycore","https://www.mycore.de/","arkkiv",""
"macht.sprache","https://www.machtsprache.de/","arkkiv",""
"gesetze-im-internet","http://www.gesetze-im-internet.de/index.html","arkkiv",""
"denkmaldatenbank","http://www.stadtentwicklung.berlin.de/denkmal/liste%5C_karte%5C_datenbank/de/denkmaldatenbank/","arkkiv",""
"bundesgesetzblätter","https://www.bgbl.de/xaver/bgbl/start.xav#__bgbl__%2F%2F*%5B%40attr_id%3D%27I_2021_16_inhaltsverz%27%5D__1618765792410","arkkiv",""
"literaturarchiv marbach.","http://www.dla-marbach.de/katalog","arkkiv",""
"archivportal D","https://www.archivportal-d.de/","arkkiv",""
"landesarchiv BW","https://www.landesarchiv-bw.de/ead","arkkiv",""
"swisscollections","https://swisscollections.ch/","arkkiv",""
"arsenal","http://films.arsenal-berlin.de/index.php","arkkiv",""
"leibniz institut","https://www.ifz-muenchen.de/das-archiv/","arkkiv",""
"aporee soundscapes","https://aporee.org/maps/","arkkiv",""
"bundesverfassungsgericht","http://www.bverfg.de/e/rs20070613%5C_1bvr178305.html","arkkiv",""
"time has fallen asleep in the afternoon sunshine","http://timehasfallenasleepintheafternoonsunshine.be/","arkkiv",""
"ferring stiftung","https://ferring-stiftung.de/inselarchive/archiv/","arkkiv",""
"wolfgang koeppen","http://www.koeppen-jugend.de/","arkkiv",""
"CERN","http://cds.cern.ch/collection/CERN%20Archives%20Temporary?ln=de","arkkiv",""
"w.g. sebald lexikon","http://www.wgsebald.de/","arkkiv",""
"kleist archiv","http://www.kleist.org/index.php","arkkiv",""
"hannah arendt critical edition","https://hannah-arendt-edition.net/home?lang=de","arkkiv",""
"sammeln","https://sammeln.hypotheses.org/category/was-sind-sammlungen","arkkiv",""
"bundesarchiv","https://invenio.bundesarchiv.de/invenio/login.xhtml","arkkiv",""
"bundesarchivgesetz","https://www.bundesarchiv.de/DE/Navigation/Meta/Ueber-uns/Rechtsgrundlagen/Bundesarchivgesetz/bundesarchivgesetz.html","arkkiv",""
"HIDAweb","http://www.landesarchiv-berlin-bilddatenbank.de/hida4web-LAB/search?browse-all=yes","arkkiv",""
"archivar","http://www.archive.nrw.de/archivar/index.html","arkkiv",""
"archivschule","https://www.archivschule.de/uploads/Forschung/ArchivwissenschaftlicheTerminologie/Terminologie.html","arkkiv",""
"LEObw","https://www.leo-bw.de/themenmodul/sudwestdeutsche-archivalienkunde/archivaliengattungen/sammlungen","arkkiv",""
"AAD","https://archiv.diplo.de/arc-de/das-politische-archiv","arkkiv",""
"KALLIOPE","https://kalliope-verbund.info/de/ueber-kalliope/historie.html","arkkiv",""
"HARVARD dataverse","https://dataverse.harvard.edu/dataset.xhtml?persistentId=doi:10.7910/DVN/L4OAKN&version=1.0","arkkiv",""
"Nietzsche Source – Home (KGA)","http://www.nietzschesource.org/","arkkiv","Friedrich Nietzsche, Digitale Kritische Gesamtausgabe Werke und Briefe auf der Grundlage der Kritischen Gesamtausgabe Werke, herausgegeben von Giorgio Colli und Mazzino Montinari, Berlin/New York, Walter de Gruyter, 1967"
"Perma.cc","https://perma.cc/","arkkiv",""
"zotero","https://www.zotero.org/support/beta_builds","primaere",""
"archive.org","https://archive.org/details/diekrisisdereuro00pann/","primaere",""
"project gutenberg","https://gutenberg.org/ebooks/","primaere",""
"projekt gutenberg-DE","https://www.projekt-gutenberg.org/","primaere",""
"hypotheses","https://reticular.hypotheses.org/1745","primaere",""
"semantic scholar","https://www.semanticscholar.org/","primaere",""
"münchener digitalisierungszentrum","https://www.digitale-sammlungen.de/index.html?c=sammlungen_liste&l=de%7Cm%C3%BCnchener%20digitalisierungszentrum","primaere",""
"österreichische nationalbibliothek","https://data.onb.ac.at/rec/AC10183969","primaere",""
"deutsche digitale bibliothek","https://www.deutsche-digitale-bibliothek.de/","primaere",""
"QUALAMOS","https://www.qalamos.net/content/index.xed","primaere",""
"DNB","https://portal.dnb.de/opac/showSearchForm#top","primaere",""
"herzog august bibl. wolfenbüttel (OPAC braunschweig)","https://opac.lbs-braunschweig.gbv.de/","primaere",""
"hathi trust","https://catalog.hathitrust.org/Record/009802727","primaere",""
"ZENODO","https://www.zenodo.org/","primaere",""
"stabi","https://digital.staatsbibliothek-berlin.de/","primaere",""
"ULB sachsen-anhalt","http://digital.bibliothek.uni-halle.de/hd/","primaere",""
"goethe uni frankfurt","http://sammlungen.ub.uni-frankfurt.de/","primaere",""
"UB heidelberg","https://www.ub.uni-heidelberg.de/helios/Welcome.html","primaere",""
"stabi hamburg","https://digitalisate.sub.uni-hamburg.de/startseite.html","primaere",""
"hmbg university press","https://blogs.sub.uni-hamburg.de/hup/","primaere",""
"uni potsdam","https://www.uni-potsdam.de/de/svm/index","primaere",""
"mediatheque institut francais","https://www.ifbibliothek.de/","primaere",""
"voebb.de","https://voebb.de/","primaere",""
"ETH e-periodica","https://www.e-periodica.ch/digbib/view?pid=alp-004:1953:21::823#585","primaere",""
"ingenta open","https://www.ingentaopen.com/content/journals/22351272/28/2","primaere",""
"UB Bern linguistik online","https://bop.unibe.ch/linguistik-online/","primaere",""
"FU refubium","https://refubium.fu-berlin.de/handle/fub188/2/discover","primaere",""
"kanopy","https://fuberlin.kanopy.com/video/linguists-3","primaere",""
"Det Kgl. Bibliotek - drama","https://soeg.kb.dk/discovery/search?query=any,contains,drama&tab=Everything&search_scope=MyInst_and_CI&vid=45KBDK_KGL:KGL&facet=lang,include,dan&facet=tlevel,include,open_access&mfacet=tlevel,include,online_resources,1&mfacet=rtype,include,books,1&lang=en&offset=0","primaere",""
"KVIT","https://www.nli.org.il/en/discover/manuscripts/hebrew-manuscripts/searchresultspage?projectName=MANUSCRIPTS#q=lsr01,contains,all;any,contains,10976&searchType=METADATA&ftsMethod=0&ftsType=0&searchName=regular","primaere",""
"DBIS - Nexis Uni","https://dbis.ur.de/FUB/resources/1670?lang=de","primaere",""
"Harrassowitz Verlag - The Harrassowitz Publishing House Harrassowitz Verlag","https://www.harrassowitz-verlag.de/Hebrew/subjects_905.ahtml","primaere",""
"Archive - Italian Journal of Linguistics","https://www.italian-journal-linguistics.com/archive/","primaere",""
"FELIX MEINER VERLAG: Philosophische Traditionen und Denkschulen","https://meiner-elibrary.de/book-subject/1684/philosophical-traditions-and-schools-of-thought?q=%2Fbook-subject%2F1684%2Fphilosophical-traditions-and-schools-of-thought","primaere","Menu Expand Freie Universität Berlin Universitätsbibliothek EN / DE Anmelden Titel suchenSuche Verlage Schriftenreihen Zeitschriften Fachgebiete (Bücher) Kollektionen Open Access Autoren & Herausgeber Meine Bibliothek "
"QUIDEX: schlüsselstellen","https://pages.cms.hu-berlin.de/schluesselstellen/quidex/index.html?work=Judenbuche&lang=de","secundaere",""
"mediating modern poetry","https://mmp.mml.ox.ac.uk/","secundaere",""
"weltliteratur","https://weltliteratur.net/","secundaere",""
"OSF","https://osf.io/","secundaere",""
"Lacan entziffern","https://lacan-entziffern.de/anderer/metapher-und-metonymie/","secundaere",""
"sprache und wissen","http://sprache-und-wissen.de/","secundaere",""
"HiFoS","http://www.hifos.uni-trier.de/index.html","secundaere",""
"Germanistik...","https://www.germanistik-im-netz.de/recherchieren/datenquellen/","secundaere",""
"literaturwissenschaft...","http://www.einladung-zur-literaturwissenschaft.de/index.html","secundaere",""
"leibniz institut für deutsche sprache","https://www1.ids-mannheim.de/onlineangebote","secundaere",""
"CLIO-online","https://www.clio-online.de/","secundaere",""
"synergiewissen","https://www.zflprojekte.de/synergie/doku.php","secundaere",""
"ZFL","https://www.zfl-berlin.org/das-zfl.html","secundaere",""
"GIB","http://www.gib.uni-tuebingen.de/netzwerk/glossar/index.php?title=GIB_-_Glossar_der_Bildphilosophie:Portal","secundaere",""
"DBIS - Encyclopaedia Judaica","https://dbis.ur.de/FUB/resources/6830?lang=de","secundaere",""
"Archiv | HannahArendt.net","https://www.hannaharendt.net/index.php/han/issue/archive","secundaere",""
"Collection: Hannah Arendt Papers | Library of Congress","https://findingaids.loc.gov/repositories/19/resources/2053","secundaere",""
"ada fruit","https://learn.adafruit.com/minty-boost/icharging","EXKURS",""
"GitLab","https://gitlab.informatik.uni-halle.de/explore/projects?non_archived=true&page=6&sort=latest_activity_desc","EXKURS",""
"destatis DB","https://www-genesis.destatis.de/genesis/online","EXKURS",""
"leibniz institut","https://www.ifz-muenchen.de/das-archiv/","EXKURS",""
"fis broker","https://www.stadtentwicklung.berlin.de/geoinformation/fis-broker/%7Cfis%20broker","EXKURS",""
"multimedia laboratory","http://medialab.di.unipi.it/Resource/POS/","EXKURS",""
"learn buchhaltung","https://www.rechnungswesen-info.de/buchfuehrung.html","EXKURS",""
"lorberg pflanzenkatalog","http://www.lorberg.com/de/","EXKURS",""
"www.biorxiv.org","https://www.biorxiv.org/","EXKURS",""
"EDQM","https://www.edqm.eu/en/knowledge-database","EXKURS",""
"wikipedia on greek mythology","https://de.wikipedia.org/wiki/Liste_der_Gestalten_der_griechischen_Mythologie/A","EXKURS",""
"pflanzenfundgrube systematisch","http://pflanzenfundgrube.zum.de/cgi-bin/show.app","EXKURS",""
"HiSoN","https://hison.org/","LIT/ART/CON/CAL# ",""
"jacobin/ada","https://jacobin.de/","LIT/ART/CON/CAL# ",""
"translationista","https://translationista.com/2022/09/notes-from-the-magic-mountain-9-12-22.html","LIT/ART/CON/CAL# ",""
"onur solmaz","https://solmaz.io/frequencies-german-definite-articles","LIT/ART/CON/CAL# ",""
"fabrikzeitung","https://www.fabrikzeitung.ch/still-jenny-from-the-block/#","LIT/ART/CON/CAL# ",""
"tegel media","https://tegelmedia.net/#content","LIT/ART/CON/CAL# ",""
"serpentmagazine","https://serpentmagazine.github.io/","LIT/ART/CON/CAL# ",""
"lfb","https://lfbrecht.de/events/","LIT/ART/CON/CAL# ",""
"IKA wien","https://ika.akbild.ac.at/","LIT/ART/CON/CAL# ",""
"herrndorf","https://www.wolfgang-herrndorf.de/","LIT/ART/CON/CAL# ",""
"UNI AK wien","https://sprachkunst.uni-ak.ac.at/","LIT/ART/CON/CAL# ",""
"ERB","https://europeanreviewofbooks.com/","LIT/ART/CON/CAL# ",""
"exit shabbes","https://userblogs.fu-berlin.de/exitshabbes","LIT/ART/CON/CAL# ",""
"sanfte zerstörung","https://sanfte-zerstoerung.de/index.php","LIT/ART/CON/CAL# ",""
"queer poets in greek","https://queerpoets.com/maggie-smith/","LIT/ART/CON/CAL# ",""
"check your habitus","https://checkyourhabitus.com/","LIT/ART/CON/CAL# ",""
"alles dicht","https://allesdichtmachen.de/","LIT/ART/CON/CAL# ",""
"Ctrl+Alt+Dem","https://alternative-democracy-research.org/","LIT/ART/CON/CAL# ",""
"letters from an american","https://heathercoxrichardson.substack.com/","LIT/ART/CON/CAL# ",""
"kon paper","https://kon-paper.com/","LIT/ART/CON/CAL# ",""
"intrige","https://intrige.ch/","LIT/ART/CON/CAL# ",""
"nachtkritik","https://nachtkritik.de/index.php?option=com_content&view=featured&Itemid=100190","LIT/ART/CON/CAL# ",""
"sarah raich","https://www.sarah-raich.de/die-fehlenden-buecher","LIT/ART/CON/CAL# ",""
"kalender literaturszene BLN","https://www.literaturszene.berlin/kalender/","LIT/ART/CON/CAL# ",""
"diffrakt.space","http://diffrakt.space/en/en-plein-air-ethnographies-of-the-digital/","LIT/ART/CON/CAL# ",""
"ICI berlin - institute for cultural inquiry","https://www.ici-berlin.org/","LIT/ART/CON/CAL# ",""
"transphilosophen","http://transphilosophisch.de/","LIT/ART/CON/CAL# ",""
"wochendämmerung","https://wochendaemmerung.de/","LIT/ART/CON/CAL# ",""
"christina fjeldavlino","https://christinafjeldavlino.home.blog/","LIT/ART/CON/CAL# ",""
"sprachlog","http://www.sprachlog.de/2011/12/14/frauen-natuerlich-ausgenommen/","LIT/ART/CON/CAL# ",""
"favoriten festival","http://favoriten-festival.de/magazin?topic=51","LIT/ART/CON/CAL# ",""
"R.R.R.","http://rrr.haus-des-wandels.de/","LIT/ART/CON/CAL# ",""
"echtzeitmusik","http://www.echtzeitmusik.de/index.php?page=calendar","LIT/ART/CON/CAL# ",""
"HU linguistik kalender","https://hpsg.hu-berlin.de/Events/","LIT/ART/CON/CAL# ",""
"conceptual poetics day","http://www.conceptualpoeticsday.org/","LIT/ART/CON/CAL# ",""
"INS berlin","http://www.necronauts.net/berlin/documents/index","LIT/ART/CON/CAL# ",""
"little STEIDL","https://littlesteidl.de/haus-fuer-einen-kunstverlag/","LIT/ART/CON/CAL# ",""
"bbooks","http://www.b-books.de/share.htm","LIT/ART/CON/CAL# ",""
"KP manuale","https://kirstenpalz.com/100-manual","LIT/ART/CON/CAL# ",""
"graum xyz","https://www.graum.xyz/publications/","LIT/ART/CON/CAL# ",""
"diaphanes.100000words","http://100000words.net/","LIT/ART/CON/CAL# ",""
"IOWA city public library presentations","https://iwp.uiowa.edu/archives/iowa-city-public-library-presentations/2016","LIT/ART/CON/CAL# ",""
"ann quinn.eye of the storm.","https://annquinn.org/eye-of-the-storm-vai/","LIT/ART/CON/CAL# ",""
"afsnit P","https://afsnitp.dk/galleri/archiveszaroum/","LIT/ART/CON/CAL# ",""
"transmediale","https://transmediale.de/journal","LIT/ART/CON/CAL# ",""
"friends with books","https://www.friendswithbooks.org/","LIT/ART/CON/CAL# ",""
"lauter niemand","http://www.lauter-niemand.de/","LIT/ART/CON/CAL# ",""
"ACUD.kook.read","https://acudmachtneu.de/spaces/studio/","LIT/ART/CON/CAL# ",""
"HKW","https://www.hkw.de/de/index.php","LIT/ART/CON/CAL# ",""
"ausland bln","https://ausland-berlin.de/","LIT/ART/CON/CAL# ",""
"ultraschall bln","https://ultraschallberlin.de/","LIT/ART/CON/CAL# ",""
"literaturfestival bln","http://literaturfestival.com/","LIT/ART/CON/CAL# ",""
"lettretage bln","https://www.lettretage.de/","LIT/ART/CON/CAL# ",""
"buchhändlerkeller bln","http://www.buchhaendlerkeller-berlin.de/","LIT/ART/CON/CAL# ",""
"literaturport","https://www.literaturport.de/autorenlexikon/","LIT/ART/CON/CAL# ",""
"LCB","https://lcb.de/","LIT/ART/CON/CAL# ",""
"ZK/U moabit","https://www.zku-berlin.org/","LIT/ART/CON/CAL# ",""
"Blog | interkollektiv","https://interkollektiv4.wixsite.com/interkollektiv/blog","LIT/ART/CON/CAL# ","Blog, Texte, Gesellschaft, Politik, Spaltung, Kreativ, Schreiben, Magazin"
"https://www.monathierse.net/lettergenerator/","https://www.monathierse.net/lettergenerator/","LIT/ART/CON/CAL# ","the gentlemans model letter writer : composer"
"Corpus Class Overview","https://esteeschwarz.github.io/HU-LX/index.html","PINGS","CWP corpus class / HU-LX"